label,H (km asl),mu,sigma,df,Q (g s),Q (g hr),Z (m),dZ (m)
ex1,12.0,6.408837100525442,0.7714975020357396,128,2563522304.8315587,9228680297393.611,6862.5,10275
